{"errors":[],"warnings":[],"namedChunkGroups":{"app":{"chunks":[12,3],"assets":["webpack-runtime-5767d44d80ec9dd2652c.js","webpack-runtime-5767d44d80ec9dd2652c.js.map","app-5be2edf17e3b2e4fd278.js","app-5be2edf17e3b2e4fd278.js.map"],"children":{},"childAssets":{}},"component---src-blogposts-notebooklist-js":{"chunks":[0,1,2,4],"assets":["0-6b238de11a5d3e148dd7.js","0-6b238de11a5d3e148dd7.js.map","1.97907d69c09ceac61951.css","1-a6732601d714b5dddb42.js","1-a6732601d714b5dddb42.js.map","2-98cb8dd1a551ce3ef9b1.js","2-98cb8dd1a551ce3ef9b1.js.map","component---src-blogposts-notebooklist-js-93f2f3929e1496c25553.js","component---src-blogposts-notebooklist-js-93f2f3929e1496c25553.js.map"],"children":{},"childAssets":{}},"component---src-blogposts-sectionlist-js":{"chunks":[0,1,2,5],"assets":["0-6b238de11a5d3e148dd7.js","0-6b238de11a5d3e148dd7.js.map","1.97907d69c09ceac61951.css","1-a6732601d714b5dddb42.js","1-a6732601d714b5dddb42.js.map","2-98cb8dd1a551ce3ef9b1.js","2-98cb8dd1a551ce3ef9b1.js.map","component---src-blogposts-sectionlist-js-f8637533478593d913f0.js","component---src-blogposts-sectionlist-js-f8637533478593d913f0.js.map"],"children":{},"childAssets":{}},"component---src-blogposts-pagelist-js":{"chunks":[0,11,1,2,6],"assets":["0-6b238de11a5d3e148dd7.js","0-6b238de11a5d3e148dd7.js.map","11-a234bf2563687a78afb8.js","11-a234bf2563687a78afb8.js.map","1.97907d69c09ceac61951.css","1-a6732601d714b5dddb42.js","1-a6732601d714b5dddb42.js.map","2-98cb8dd1a551ce3ef9b1.js","2-98cb8dd1a551ce3ef9b1.js.map","component---src-blogposts-pagelist-js-ab1612f0e2259f1b2e6f.js","component---src-blogposts-pagelist-js-ab1612f0e2259f1b2e6f.js.map"],"children":{},"childAssets":{}},"component---src-blogposts-index-js":{"chunks":[0,1,2,7],"assets":["0-6b238de11a5d3e148dd7.js","0-6b238de11a5d3e148dd7.js.map","1.97907d69c09ceac61951.css","1-a6732601d714b5dddb42.js","1-a6732601d714b5dddb42.js.map","2-98cb8dd1a551ce3ef9b1.js","2-98cb8dd1a551ce3ef9b1.js.map","component---src-blogposts-index-js-62babba2c29bbc99be80.js","component---src-blogposts-index-js-62babba2c29bbc99be80.js.map"],"children":{},"childAssets":{}},"component---src-pages-404-js":{"chunks":[0,1,8],"assets":["0-6b238de11a5d3e148dd7.js","0-6b238de11a5d3e148dd7.js.map","1.97907d69c09ceac61951.css","1-a6732601d714b5dddb42.js","1-a6732601d714b5dddb42.js.map","component---src-pages-404-js-cd2d95bb13cd33018bd5.js","component---src-pages-404-js-cd2d95bb13cd33018bd5.js.map"],"children":{},"childAssets":{}},"component---src-pages-about-js":{"chunks":[0,1,9],"assets":["0-6b238de11a5d3e148dd7.js","0-6b238de11a5d3e148dd7.js.map","1.97907d69c09ceac61951.css","1-a6732601d714b5dddb42.js","1-a6732601d714b5dddb42.js.map","component---src-pages-about-js-1024cd5724c0ac265c4d.js","component---src-pages-about-js-1024cd5724c0ac265c4d.js.map"],"children":{},"childAssets":{}}},"assetsByChunkName":{"app":["webpack-runtime-5767d44d80ec9dd2652c.js","app-5be2edf17e3b2e4fd278.js"],"component---src-blogposts-notebooklist-js":["0-6b238de11a5d3e148dd7.js","1.97907d69c09ceac61951.css","1-a6732601d714b5dddb42.js","2-98cb8dd1a551ce3ef9b1.js","component---src-blogposts-notebooklist-js-93f2f3929e1496c25553.js"],"component---src-blogposts-sectionlist-js":["0-6b238de11a5d3e148dd7.js","1.97907d69c09ceac61951.css","1-a6732601d714b5dddb42.js","2-98cb8dd1a551ce3ef9b1.js","component---src-blogposts-sectionlist-js-f8637533478593d913f0.js"],"component---src-blogposts-pagelist-js":["0-6b238de11a5d3e148dd7.js","11-a234bf2563687a78afb8.js","1.97907d69c09ceac61951.css","1-a6732601d714b5dddb42.js","2-98cb8dd1a551ce3ef9b1.js","component---src-blogposts-pagelist-js-ab1612f0e2259f1b2e6f.js"],"component---src-blogposts-index-js":["0-6b238de11a5d3e148dd7.js","1.97907d69c09ceac61951.css","1-a6732601d714b5dddb42.js","2-98cb8dd1a551ce3ef9b1.js","component---src-blogposts-index-js-62babba2c29bbc99be80.js"],"component---src-pages-404-js":["0-6b238de11a5d3e148dd7.js","1.97907d69c09ceac61951.css","1-a6732601d714b5dddb42.js","component---src-pages-404-js-cd2d95bb13cd33018bd5.js"],"component---src-pages-about-js":["0-6b238de11a5d3e148dd7.js","1.97907d69c09ceac61951.css","1-a6732601d714b5dddb42.js","component---src-pages-about-js-1024cd5724c0ac265c4d.js"]}}